Phase1_step1,Phase1_step2,Phase1_step3,Phase1_step4,Phase1_step5,Phase1_step6,Phase1_step7,Phase2
0.0127562005,0.008548926,0.009441426,0.0060044047,0.00741338,0.005180394,0.0024055014,0.0030317772
